{
  "buckets": [
    {
      "active_pair_count": 101767,
      "active_ratio": 0.0773924139965991,
      "avg_cost_after": 2.7470074964868783,
      "avg_cost_before": 2.7470074964868783,
      "avg_delta": 0.0,
      "avg_score": 0.8555016337768799,
      "class_id": 1,
      "class_name": "pedestrian",
      "cost_after_quantiles": {
        "max": 2.9808463762667414,
        "min": 0.02395514987427927,
        "p10": 0.09731507491116331,
        "p50": 2.9271479423151066,
        "p90": 2.977372229953903
      },
      "cost_before_quantiles": {
        "max": 2.9808463762667414,
        "min": 0.02395514987427927,
        "p10": 0.09731507491116331,
        "p50": 2.9271479423151066,
        "p90": 2.977372229953903
      },
      "delta_quantiles": {
        "max": 0.0,
        "min": 0.0,
        "p10": 0.0,
        "p50": 0.0,
        "p90": 0.0
      },
      "finite_pair_count": 1314948,
      "pair_count": 1314948,
      "penalized_pair_count": 0,
      "penalized_ratio": 0.0,
      "sample_count": 0,
      "samples": [],
      "score_quantiles": {
        "max": 0.9987817406654358,
        "min": 0.6797898411750793,
        "p10": 0.7882736682891845,
        "p50": 0.8482047021389008,
        "p90": 0.9979300260543823
      },
      "state_bucket": "matched"
    },
    {
      "active_pair_count": 413138,
      "active_ratio": 0.2429974814342532,
      "avg_cost_after": 2.8749710183855153,
      "avg_cost_before": 2.8749710183855153,
      "avg_delta": 0.0,
      "avg_score": 0.8468361880046886,
      "class_id": 1,
      "class_name": "pedestrian",
      "cost_after_quantiles": {
        "max": 2.984317289484644,
        "min": 0.03351779760834794,
        "p10": 0.24365880278445745,
        "p50": 2.9424698953900394,
        "p90": 2.9805277397846432
      },
      "cost_before_quantiles": {
        "max": 2.984317289484644,
        "min": 0.03351779760834794,
        "p10": 0.24365880278445745,
        "p50": 2.9424698953900394,
        "p90": 2.9805277397846432
      },
      "delta_quantiles": {
        "max": 0.0,
        "min": 0.0,
        "p10": 0.0,
        "p50": 0.0,
        "p90": 0.0
      },
      "finite_pair_count": 1700174,
      "pair_count": 1700174,
      "penalized_pair_count": 0,
      "penalized_ratio": 0.0,
      "sample_count": 0,
      "samples": [],
      "score_quantiles": {
        "max": 0.9980681538581848,
        "min": 0.6582071781158447,
        "p10": 0.7559600055217743,
        "p50": 0.8468635678291321,
        "p90": 0.9948536038398743
      },
      "state_bucket": "unmatched"
    },
    {
      "active_pair_count": 20050,
      "active_ratio": 0.4121952222359278,
      "avg_cost_after": 2.627240150260259,
      "avg_cost_before": 2.6210748020548125,
      "avg_delta": 0.006165348205446293,
      "avg_score": 0.30439139970109813,
      "class_id": 2,
      "class_name": "bicycle",
      "cost_after_quantiles": {
        "max": 2.9916649339112196,
        "min": 0.015795308172133926,
        "p10": 0.14674759679103055,
        "p50": 2.8825651624944504,
        "p90": 2.9747373025557198
      },
      "cost_before_quantiles": {
        "max": 2.973890843661786,
        "min": 0.015795308172133926,
        "p10": 0.14674759679103055,
        "p50": 2.8744423913308257,
        "p90": 2.9577215507754215
      },
      "delta_quantiles": {
        "max": 0.0259630623459816,
        "min": 0.0,
        "p10": 0.0,
        "p50": 0.0,
        "p90": 0.02468261629343033
      },
      "finite_pair_count": 48642,
      "pair_count": 48642,
      "penalized_pair_count": 13781,
      "penalized_ratio": 0.6873316708229427,
      "sample_count": 0,
      "samples": [],
      "score_quantiles": {
        "max": 0.9997875094413757,
        "min": 0.08073875308036804,
        "p10": 0.1024173304438591,
        "p50": 0.1494528353214264,
        "p90": 0.9997242093086243
      },
      "state_bucket": "matched"
    },
    {
      "active_pair_count": 147048,
      "active_ratio": 0.555248024226588,
      "avg_cost_after": 2.8481565156094475,
      "avg_cost_before": 2.837244877695373,
      "avg_delta": 0.010911637914074766,
      "avg_score": 0.20882863705550603,
      "class_id": 2,
      "class_name": "bicycle",
      "cost_after_quantiles": {
        "max": 3.0062116535268677,
        "min": 0.037909111733014034,
        "p10": 0.29210588320360525,
        "p50": 2.908554091741677,
        "p90": 2.9946089663960627
      },
      "cost_before_quantiles": {
        "max": 2.9837220801673783,
        "min": 0.037909111733014034,
        "p10": 0.29210588320360525,
        "p50": 2.8981475678715203,
        "p90": 2.972535515897211
      },
      "delta_quantiles": {
        "max": 0.026212206408381462,
        "min": 0.0,
        "p10": 0.0,
        "p50": 0.016851534247398374,
        "p90": 0.025413721427321435
      },
      "finite_pair_count": 264833,
      "pair_count": 264833,
      "penalized_pair_count": 131860,
      "penalized_ratio": 0.8967139981502639,
      "sample_count": 0,
      "samples": [],
      "score_quantiles": {
        "max": 0.9997847676277161,
        "min": 0.07409713417291641,
        "p10": 0.09009670317173005,
        "p50": 0.15023144707083702,
        "p90": 0.9997170686721801
      },
      "state_bucket": "unmatched"
    },
    {
      "active_pair_count": 3368,
      "active_ratio": 0.5228190003104626,
      "avg_cost_after": 1.610160623999771,
      "avg_cost_before": 1.610160623999771,
      "avg_delta": 0.0,
      "avg_score": 0.9999999941709211,
      "class_id": 4,
      "class_name": "bus",
      "cost_after_quantiles": {
        "max": 2.884214606982497,
        "min": 0.004828803266960557,
        "p10": 0.06556645542262379,
        "p50": 1.6713604629542167,
        "p90": 2.785478793980729
      },
      "cost_before_quantiles": {
        "max": 2.884214606982497,
        "min": 0.004828803266960557,
        "p10": 0.06556645542262379,
        "p50": 1.6713604629542167,
        "p90": 2.785478793980729
      },
      "delta_quantiles": {
        "max": 0.0,
        "min": 0.0,
        "p10": 0.0,
        "p50": 0.0,
        "p90": 0.0
      },
      "finite_pair_count": 6442,
      "pair_count": 6442,
      "penalized_pair_count": 0,
      "penalized_ratio": 0.0,
      "sample_count": 0,
      "samples": [],
      "score_quantiles": {
        "max": 1.0,
        "min": 0.9999998807907104,
        "p10": 0.9999998807907104,
        "p50": 1.0,
        "p90": 1.0
      },
      "state_bucket": "matched"
    },
    {
      "active_pair_count": 8104,
      "active_ratio": 0.7178033658104517,
      "avg_cost_after": 2.5074761609494005,
      "avg_cost_before": 2.5074761609494005,
      "avg_delta": 0.0,
      "avg_score": 0.9999999863051862,
      "class_id": 4,
      "class_name": "bus",
      "cost_after_quantiles": {
        "max": 2.922404972478961,
        "min": 0.037327599325305494,
        "p10": 0.3604473861764181,
        "p50": 2.644465785002016,
        "p90": 2.8431497983653906
      },
      "cost_before_quantiles": {
        "max": 2.922404972478961,
        "min": 0.037327599325305494,
        "p10": 0.3604473861764181,
        "p50": 2.644465785002016,
        "p90": 2.8431497983653906
      },
      "delta_quantiles": {
        "max": 0.0,
        "min": 0.0,
        "p10": 0.0,
        "p50": 0.0,
        "p90": 0.0
      },
      "finite_pair_count": 11290,
      "pair_count": 11290,
      "penalized_pair_count": 0,
      "penalized_ratio": 0.0,
      "sample_count": 0,
      "samples": [],
      "score_quantiles": {
        "max": 1.0,
        "min": 0.9999997615814209,
        "p10": 0.9999998807907104,
        "p50": 1.0,
        "p90": 1.0
      },
      "state_bucket": "unmatched"
    },
    {
      "active_pair_count": 5689,
      "active_ratio": 0.23424054020669494,
      "avg_cost_after": 2.0426522779693217,
      "avg_cost_before": 2.0426522779693217,
      "avg_delta": 0.0,
      "avg_score": 0.9999863485803658,
      "class_id": 5,