{
  "classes": {
    "0:car": {
      "diagnosis": [
        "likely_distribution_mismatch"
      ],
      "infer": {
        "matched": {
          "active_pair_count": 93294,
          "active_ratio": 0.05092611799024863,
          "avg_delta": 0.0013912170935673571,
          "avg_score": 0.003325061043366769,
          "delta_quantiles": {
            "max": 0.02999996346262492,
            "min": 0.0,
            "p10": 0.0,
            "p50": 0.0,
            "p90": 0.029999952863838646
          },
          "pair_count": 1831948,
          "penalized_pair_count": 88943,
          "penalized_ratio": 0.9533624884772869,
          "sample_count": 0,
          "samples": [],
          "score_quantiles": {
            "max": 0.9999533891677856,
            "min": 6.528856033582997e-07,
            "p10": 7.53982362766692e-07,
            "p50": 3.653541057246912e-06,
            "p90": 0.9746141731739044
          }
        },
        "unmatched": {
          "active_pair_count": 432559,
          "active_ratio": 0.11078802699734452,
          "avg_delta": 0.003319422273320965,
          "avg_score": 0.00010477464208608047,
          "delta_quantiles": {
            "max": 0.02999996353760423,
            "min": 0.0,
            "p10": 0.0,
            "p50": 0.0,
            "p90": 0.02999994827892067
          },
          "pair_count": 3904384,
          "penalized_pair_count": 432317,
          "penalized_ratio": 0.9994405387473154,
          "sample_count": 0,
          "samples": [],
          "score_quantiles": {
            "max": 0.999901533126831,
            "min": 7.226012144201377e-07,
            "p10": 9.746246746544785e-07,
            "p50": 4.612632210410084e-06,
            "p90": 0.6356197834014893
          }
        }
      },
      "train": {
        "center_distance_quantiles": {
          "max": 109.27854459345775,
          "min": 0.0005790931439446077,
          "p10": 0.10492848320340964,
          "p50": 6.3697529193612255,
          "p90": 20.255801487266666
        },
        "hard_center_distance_quantiles": {
          "max": 14.094092379463246,
          "min": 0.1719311846675297,
          "p10": 2.5460011769072346,
          "p50": 4.691179290576494,
          "p90": 5.788891234084216
        },
        "hard_negative_count": 15908,
        "hard_negative_ratio": 0.19885,
        "negative_count": 58404,
        "positive_center_distance_quantiles": {
          "max": 9.974264809256788,
          "min": 0.0005790931439446077,
          "p10": 0.026790648611094176,
          "p50": 0.1571036757099822,
          "p90": 0.7141514937861921
        },
        "positive_count": 21596,
        "positive_ratio": 0.26995,
        "sample_count": 80000
      }
    },
    "1:pedestrian": {
      "diagnosis": [
        "likely_distribution_mismatch"
      ],
      "infer": {
        "matched": {
          "active_pair_count": 101765,
          "active_ratio": 0.07739089302390664,
          "avg_delta": 0.001834524843159248,
          "avg_score": 0.01216446564276765,
          "delta_quantiles": {
            "max": 0.02999768855959701,
            "min": 0.0,
            "p10": 0.0,
            "p50": 0.0,
            "p90": 0.029997194431252868
          },
          "pair_count": 1314948,
          "penalized_pair_count": 89142,
          "penalized_ratio": 0.8759593180366531,
          "sample_count": 0,
          "samples": [],
          "score_quantiles": {
            "max": 0.9934872388839722,
            "min": 4.2126721382373944e-05,
            "p10": 5.1600643928395584e-05,
            "p50": 6.844240851933137e-05,
            "p90": 0.9758749186992646
          }
        },
        "unmatched": {
          "active_pair_count": 413765,
          "active_ratio": 0.24280971860914247,
          "avg_delta": 0.007195990025071862,
          "avg_score": 0.0022917058824736968,
          "delta_quantiles": {
            "max": 0.029997554059336837,
            "min": 0.0,
            "p10": 0.0,
            "p50": 0.0,
            "p90": 0.02999729838256826
          },
          "pair_count": 1704071,
          "penalized_pair_count": 411042,
          "penalized_ratio": 0.9934189697050257,
          "sample_count": 0,
          "samples": [],
          "score_quantiles": {
            "max": 0.9925218224525452,
            "min": 4.755159898195416e-05,
            "p10": 5.339019662642386e-05,
            "p50": 6.879265129100531e-05,
            "p90": 0.940748107433319
          }
        }
      },
      "train": {
        "center_distance_quantiles": {
          "max": 106.79201379825409,
          "min": 0.0010276780926548761,
          "p10": 0.1278888756603576,
          "p50": 2.0195872875897214,
          "p90": 23.0852849239094
        },
        "hard_center_distance_quantiles": {
          "max": 5.938635112948911,
          "min": 0.0038439655704624845,
          "p10": 0.6539286580826544,
          "p50": 1.3634672272180643,
          "p90": 3.027577579052876
        },
        "hard_negative_count": 23983,
        "hard_negative_ratio": 0.3426142857142857,
        "negative_count": 53789,
        "positive_center_distance_quantiles": {
          "max": 3.159626912448153,
          "min": 0.0010276780926548761,
          "p10": 0.04039425292856018,
          "p50": 0.15090858261732867,
          "p90": 0.4909470774555986
        },
        "positive_count": 16211,
        "positive_ratio": 0.23158571428571428,
        "sample_count": 70000
      }
    },
    "2:bicycle": {
      "diagnosis": [
        "likely_distribution_mismatch"
      ],
      "infer": {
        "matched": {
          "active_pair_count": 20050,
          "active_ratio": 0.4121952222359278,
          "avg_delta": 0.009609819569408921,
          "avg_score": 0.10501539004392627,
          "delta_quantiles": {
            "max": 0.029985799836576916,
            "min": 0.0,
            "p10": 0.0,
            "p50": 0.0,
            "p90": 0.029984189447422975
          },
          "pair_count": 48642,
          "penalized_pair_count": 15644,
          "penalized_ratio": 0.7802493765586035,
          "sample_count": 0,
          "samples": [],
          "score_quantiles": {
            "max": 0.9999109506607056,
            "min": 0.00028400326846167445,
            "p10": 0.0003124698589090258,
            "p50": 0.00039901569834910333,
            "p90": 0.9999005794525146
          }
        },
        "unmatched": {
          "active_pair_count": 147174,
          "active_ratio": 0.5552248265559039,
          "avg_delta": 0.016138208203809377,
          "avg_score": 0.017154974096970376,
          "delta_quantiles": {
            "max": 0.02998574678756995,
            "min": 0.0,
            "p10": 0.0,
            "p50": 0.029976383229659405,
            "p90": 0.029984054852538973
          },
          "pair_count": 265071,
          "penalized_pair_count": 143110,
          "penalized_ratio": 0.9723864269504124,
          "sample_count": 0,
          "samples": [],
          "score_quantiles": {
            "max": 0.9999097585678101,
            "min": 0.0002850642486009747,
            "p10": 0.00031695497746113687,
            "p50": 0.000404459387937095,
            "p90": 0.9998958110809326
          }
        }
      },
      "train": {
        "center_distance_quantiles": {
          "max": 84.40215272722337,
          "min": 0.0014455195514442114,
          "p10": 0.04777194699801339,
          "p50": 0.5682606354873719,
          "p90": 27.683598803918994
        },
        "hard_center_distance_quantiles": {
          "max": 5.720873161221352,
          "min": 0.04403778519059714,
          "p10": 0.5716666089631964,
          "p50": 1.322454932266948,
          "p90": 3.6954902037694692
        },
        "hard_negative_count": 692,
        "hard_negative_ratio": 0.23739279588336193,
        "negative_count": 1362,
        "positive_center_distance_quantiles": {
          "max": 3.952748742404272,