{
  "classes": {
    "0:car": {
      "diagnosis": [
        "hard_negative_ratio_too_low"
      ],
      "infer": {},
      "train": {
        "center_distance_quantiles": {
          "max": 11.359279804854264,
          "min": 0.00015609252513719158,
          "p10": 0.0261167825722526,
          "p50": 0.1564383510951324,
          "p90": 0.7166540594216078
        },
        "hard_center_distance_quantiles": {
          "max": 6.42030274869479,
          "min": 0.07674793572749017,
          "p10": 0.7335271858954877,
          "p50": 1.8710183806493947,
          "p90": 4.372063204197868
        },
        "hard_negative_count": 64,
        "hard_negative_ratio": 0.0013080712081263925,
        "negative_count": 64,
        "positive_center_distance_quantiles": {
          "max": 11.359279804854264,
          "min": 0.00015609252513719158,
          "p10": 0.026091457881500368,
          "p50": 0.15614687571785063,
          "p90": 0.7109638912004016
        },
        "positive_count": 48863,
        "positive_ratio": 0.9986919287918736,
        "sample_count": 48927
      }
    },
    "1:pedestrian": {
      "diagnosis": [
        "hard_negative_ratio_too_low",
        "weak_matched_unmatched_separation",
        "candidate_for_safe_activation"
      ],
      "infer": {
        "matched": {
          "active_pair_count": 101767,
          "active_ratio": 0.0773924139965991,
          "avg_delta": 0.0,
          "avg_score": 0.8555016337768799,
          "delta_quantiles": {
            "max": 0.0,
            "min": 0.0,
            "p10": 0.0,
            "p50": 0.0,
            "p90": 0.0
          },
          "pair_count": 1314948,
          "penalized_pair_count": 0,
          "penalized_ratio": 0.0,
          "sample_count": 0,
          "samples": [],
          "score_quantiles": {
            "max": 0.9987817406654358,
            "min": 0.6797898411750793,
            "p10": 0.7882736682891845,
            "p50": 0.8482047021389008,
            "p90": 0.9979300260543823
          }
        },
        "unmatched": {
          "active_pair_count": 413138,
          "active_ratio": 0.2429974814342532,
          "avg_delta": 0.0,
          "avg_score": 0.8468361880046886,
          "delta_quantiles": {
            "max": 0.0,
            "min": 0.0,
            "p10": 0.0,
            "p50": 0.0,
            "p90": 0.0
          },
          "pair_count": 1700174,
          "penalized_pair_count": 0,
          "penalized_ratio": 0.0,
          "sample_count": 0,
          "samples": [],
          "score_quantiles": {
            "max": 0.9980681538581848,
            "min": 0.6582071781158447,
            "p10": 0.7559600055217743,
            "p50": 0.8468635678291321,
            "p90": 0.9948536038398743
          }
        }
      },
      "train": {
        "center_distance_quantiles": {
          "max": 3.159626912448153,
          "min": 0.0004105394043099015,
          "p10": 0.04310785542596762,
          "p50": 0.1555857398148466,
          "p90": 0.5108418026365029
        },
        "hard_center_distance_quantiles": {
          "max": 2.2818237053171604,
          "min": 0.0038439655704624845,
          "p10": 0.11324566799780908,
          "p50": 0.3661245525480833,
          "p90": 0.7955667762913552
        },
        "hard_negative_count": 1280,
        "hard_negative_ratio": 0.04736881059877137,
        "negative_count": 1280,
        "positive_center_distance_quantiles": {
          "max": 3.159626912448153,
          "min": 0.0004105394043099015,
          "p10": 0.0418326435027653,
          "p50": 0.1503722853121123,
          "p90": 0.4787644355079803
        },
        "positive_count": 25742,
        "positive_ratio": 0.9526311894012286,
        "sample_count": 27022
      }
    },
    "2:bicycle": {
      "diagnosis": [
        "hard_negative_ratio_too_low",
        "weak_matched_unmatched_separation"
      ],
      "infer": {
        "matched": {
          "active_pair_count": 20050,
          "active_ratio": 0.4121952222359278,
          "avg_delta": 0.006165348205446293,
          "avg_score": 0.30439139970109813,
          "delta_quantiles": {
            "max": 0.0259630623459816,
            "min": 0.0,
            "p10": 0.0,
            "p50": 0.0,
            "p90": 0.02468261629343033
          },
          "pair_count": 48642,
          "penalized_pair_count": 13781,
          "penalized_ratio": 0.6873316708229427,
          "sample_count": 0,
          "samples": [],
          "score_quantiles": {
            "max": 0.9997875094413757,
            "min": 0.08073875308036804,
            "p10": 0.1024173304438591,
            "p50": 0.1494528353214264,
            "p90": 0.9997242093086243
          }
        },
        "unmatched": {
          "active_pair_count": 147048,
          "active_ratio": 0.555248024226588,
          "avg_delta": 0.010911637914074766,
          "avg_score": 0.20882863705550603,
          "delta_quantiles": {
            "max": 0.026212206408381462,
            "min": 0.0,
            "p10": 0.0,
            "p50": 0.016851534247398374,
            "p90": 0.025413721427321435
          },
          "pair_count": 264833,
          "penalized_pair_count": 131860,
          "penalized_ratio": 0.8967139981502639,
          "sample_count": 0,
          "samples": [],
          "score_quantiles": {
            "max": 0.9997847676277161,
            "min": 0.07409713417291641,
            "p10": 0.09009670317173005,
            "p50": 0.15023144707083702,
            "p90": 0.9997170686721801
          }
        }
      },
      "train": {
        "center_distance_quantiles": {
          "max": 3.952748742404272,
          "min": 0.0014455195514442114,
          "p10": 0.030831507678619006,
          "p50": 0.13992497221968012,
          "p90": 0.5824685925906541
        },
        "hard_center_distance_quantiles": {
          "max": 1.2373438868609852,
          "min": 0.04403778519059714,
          "p10": 0.1505142139055727,
          "p50": 0.3349178868736796,
          "p90": 0.75802495292965
        },
        "hard_negative_count": 38,
        "hard_negative_ratio": 0.023884349465744813,
        "negative_count": 38,
        "positive_center_distance_quantiles": {
          "max": 3.952748742404272,
          "min": 0.0014455195514442114,
          "p10": 0.030390966712401955,
          "p50": 0.13567386633872539,
          "p90": 0.5735266763968976
        },
        "positive_count": 1553,
        "positive_ratio": 0.9761156505342552,
        "sample_count": 1591
      }
    },
    "3:motorcycle": {
      "diagnosis": [
        "hard_negative_ratio_too_low"
      ],
      "infer": {},
      "train": {
        "center_distance_quantiles": {
          "max": 8.587734224193593,
          "min": 0.002192598508474536,
          "p10": 0.039648669190390666,
          "p50": 0.1968390351991961,
          "p90": 0.8422125872520635
        },
        "hard_center_distance_quantiles": {
          "max": 1.1739289969816677,
          "min": 0.13786952883728376,
          "p10": 0.3720185577487981,
          "p50": 0.497754205340192,
          "p90": 0.7674840299045189
        },
        "hard_negative_count": 32,
        "hard_negative_ratio": 0.018823529411764704,
        "negative_count": 32,
        "positive_center_distance_quantiles": {
          "max": 8.587734224193593,
          "min": 0.002192598508474536,
          "p10": 0.03938547908082959,
          "p50": 0.1929660413368855,
          "p90": 0.848466696883265
        },
        "positive_count": 1668,
        "positive_ratio": 0.9811764705882353,
        "sample_count": 1700
      }
    },
    "4:bus": {
      "diagnosis": [
        "hard_negative_ratio_too_low",
        "weak_matched_unmatched_separation",
        "candidate_for_safe_activation"
      ],
      "infer": {
        "matched": {
          "active_pair_count": 3368,
          "active_ratio": 0.5228190003104626,
          "avg_delta": 0.0,