{
  "input": "/root/autodl-tmp/data/training_cache/nuscenes/mini/train_fusion.pkl",
  "output": "/root/autodl-tmp/data/training_cache/nuscenes/mini/train_pairwise_assoc.pkl",
  "settings": {
    "history_len": 8,
    "future_step": 1,
    "hard_negative_distance": 4.0,
    "max_hard_negatives": 4,
    "max_easy_negatives": 2,
    "require_current_match": true,
    "require_future_match": true
  },
  "overall": {
    "pairs": 306203,
    "candidate_pairs": 306203,
    "positive_pairs": 89318,
    "negative_pairs": 216885,
    "hard_negative_pairs": 56509,
    "easy_negative_pairs": 160376,
    "classes": 7,
    "positive_ratio": 0.29169537855605593,
    "negative_ratio": 0.708304621443944,
    "hard_negative_ratio": 0.1845475060662371,
    "negative_per_positive": 2.428233950603462
  },
  "per_class": {
    "bicycle": {
      "pairs": 2905,
      "candidate_pairs": 2905,
      "anchors": 1553,
      "positive_pairs": 1553,
      "negative_pairs": 1352,
      "hard_negative_pairs": 634,
      "easy_negative_pairs": 718,
      "positive_ratio": 0.5345955249569707,
      "negative_ratio": 0.4654044750430293,
      "hard_negative_ratio": 0.21824440619621344,
      "negative_per_positive": 0.8705730843528654,
      "candidate_score_mean": 0.49301519208489925,
      "center_distance_mean": 6.470471947048808
    },
    "bus": {
      "pairs": 2922,
      "candidate_pairs": 2922,
      "anchors": 1896,
      "positive_pairs": 1896,
      "negative_pairs": 1026,
      "hard_negative_pairs": 0,
      "easy_negative_pairs": 1026,
      "positive_ratio": 0.648870636550308,
      "negative_ratio": 0.351129363449692,
      "hard_negative_ratio": 0.0,
      "negative_per_positive": 0.5411392405063291,
      "candidate_score_mean": 0.673268220181501,
      "center_distance_mean": 11.49748441424341
    },
    "car": {
      "pairs": 160787,
      "candidate_pairs": 160787,
      "anchors": 48863,
      "positive_pairs": 48863,
      "negative_pairs": 111924,
      "hard_negative_pairs": 15564,
      "easy_negative_pairs": 96360,
      "positive_ratio": 0.30389894705417725,
      "negative_ratio": 0.6961010529458227,
      "hard_negative_ratio": 0.09679887055545536,
      "negative_per_positive": 2.2905675050651824,
      "candidate_score_mean": 0.6175973785944143,
      "center_distance_mean": 8.325302570088931
    },
    "motorcycle": {
      "pairs": 3814,
      "candidate_pairs": 3814,
      "anchors": 1668,
      "positive_pairs": 1668,
      "negative_pairs": 2146,
      "hard_negative_pairs": 909,
      "easy_negative_pairs": 1237,
      "positive_ratio": 0.43733613004719457,
      "negative_ratio": 0.5626638699528055,
      "hard_negative_ratio": 0.2383324593602517,
      "negative_per_positive": 1.2865707434052758,
      "candidate_score_mean": 0.5575896185624019,
      "center_distance_mean": 4.701164040437815
    },
    "pedestrian": {
      "pairs": 111238,
      "candidate_pairs": 111238,
      "anchors": 25742,
      "positive_pairs": 25742,
      "negative_pairs": 85496,
      "hard_negative_pairs": 38087,
      "easy_negative_pairs": 47409,
      "positive_ratio": 0.23141372552544995,
      "negative_ratio": 0.7685862744745501,
      "hard_negative_ratio": 0.3423919883493051,
      "negative_per_positive": 3.321264858985316,
      "candidate_score_mean": 0.6164384637492208,
      "center_distance_mean": 7.597971859815319
    },
    "trailer": {
      "pairs": 4246,
      "candidate_pairs": 4246,
      "anchors": 1604,
      "positive_pairs": 1604,
      "negative_pairs": 2642,
      "hard_negative_pairs": 647,
      "easy_negative_pairs": 1995,
      "positive_ratio": 0.37776731040979744,
      "negative_ratio": 0.6222326895902025,
      "hard_negative_ratio": 0.15237870937352802,
      "negative_per_positive": 1.64713216957606,
      "candidate_score_mean": 0.5769930659033081,
      "center_distance_mean": 9.57708521051897
    },
    "truck": {
      "pairs": 20291,
      "candidate_pairs": 20291,
      "anchors": 7992,
      "positive_pairs": 7992,
      "negative_pairs": 12299,
      "hard_negative_pairs": 668,
      "easy_negative_pairs": 11631,
      "positive_ratio": 0.3938692030949682,
      "negative_ratio": 0.6061307969050318,
      "hard_negative_ratio": 0.032920999457887734,
      "negative_per_positive": 1.5389139139139139,
      "candidate_score_mean": 0.5320303629826585,
      "center_distance_mean": 15.121128813039078
    }
  }
}
